Order_ID,Product
1001,Bread
1001,Milk
1001,Butter
1002,Bread
1002,Milk
1002,Eggs
1003,Milk
1003,Eggs
1003,Butter
1004,Bread
1004,Butter
1004,Jam
1005,Bread
1005,Milk
1005,Eggs
1005,Butter
1006,Milk
1006,Eggs
1007,Bread
1007,Milk
1007,Butter
1008,Bread
1008,Eggs
1008,Jam
1009,Milk
1009,Butter
1009,Eggs
1010,Bread
1010,Milk
1010,Butter
1010,Jam
1011,Bread
1011,Milk
1012,Eggs
1012,Butter
1012,Jam
1013,Bread
1013,Butter
1014,Milk
1014,Eggs
1014,Butter
1015,Bread
1015,Milk
1015,Eggs
1015,Jam
1016,Bread
1016,Milk
1016,Butter
1016,Eggs
1017,Milk
1017,Butter
1018,Bread
1018,Eggs
1019,Bread
1019,Milk
1019,Butter
1020,Milk
1020,Eggs
1020,Jam
